{"ProjectBreakpointSettingValue":"{\"Value\":{\"Main.xaml\":[],\"Framework/GetTransactionData.xaml\":[],\"Process.xaml\":[]}}","ProjectBreakpoints":"{\"Value\":{}}","OpenedDocuments":"[\"Main.xaml\",\"_Test.xaml\",\"Test_Framework/RunAllTests.xaml\",\"Framework/TakeScreenshot.xaml\",\"Framework/SetTransactionStatus.xaml\",\"Framework/KillAllProcesses.xaml\",\"Framework/InitAllSettings.xaml\",\"Framework/InitAllApplications.xaml\",\"Framework/GetTransactionData.xaml\",\"Framework/GetAppCredentials.xaml\",\"Framework/CloseAllApplications.xaml\",\"ACME/ACME_Open.xaml\",\"ACME/ACME_NavigateTo_WorkItems.xaml\",\"ACME/ACME_Close.xaml\",\"Process.xaml\"]"}